name,address
瀬戸市役所,愛知県瀬戸市追分町64-1
瀬戸市役所,愛知県瀬戸市追分町64-1
瀬戸市役所,愛知県瀬戸市追分町64-1
瀬戸市役所,愛知県瀬戸市追分町64-1
瀬戸市役所,愛知県瀬戸市追分町64-1
瀬戸市役所,愛知県瀬戸市追分町64-1
瀬戸市役所,愛知県瀬戸市追分町64-1
瀬戸市役所,愛知県瀬戸市追分町64-1
瀬戸市役所,愛知県瀬戸市追分町64-1
瀬戸市役所,愛知県瀬戸市追分町64-1
瀬戸市役所,愛知県瀬戸市追分町64-1
瀬戸市役所,愛知県瀬戸市追分町64-1
道の駅瀬戸しなの,愛知県瀬戸市品野町1-126-1
宮前地下街,愛知県瀬戸市深川町地内
陶の路ポケットパーク,愛知県瀬戸市前田町3
窯垣の小径資料館駐車場,愛知県瀬戸市仲洞町8
無風庵,愛知県瀬戸市仲切町51
定光寺公園第１駐車場,愛知県瀬戸市定光寺町396-3
定光寺公園レストハウス,愛知県瀬戸市定光寺町295
定光寺,愛知県瀬戸市定光寺町373
岩屋堂公園プール跡地横,愛知県瀬戸市岩屋町28-9
岩屋堂公園園地,愛知県瀬戸市岩屋町81-8
瀬戸蔵,愛知県瀬戸市蔵所町1-1
文化交流館,愛知県瀬戸市西茨町113-3
瀬戸市体育館,愛知県瀬戸市上本町1
市民公園野球場,愛知県瀬戸市小田妻町2-22
市民公園Ａテニスコート,愛知県瀬戸市上松山町2-466
瀬戸市民公園,愛知県瀬戸市小田妻町2-22
春雨墓苑,愛知県瀬戸市川合町54-4
春雨墓苑,愛知県瀬戸市川合町54-4
斎苑,愛知県瀬戸市春雨町38
斎苑,愛知県瀬戸市春雨町38
瀬戸市福祉保健センター,愛知県瀬戸市川端町1-31
西陵地域交流センター,愛知県瀬戸市はぎの台1-1
道泉地域交流センター,愛知県瀬戸市道泉町53-5
品野台地域交流センター,愛知県上品野町1211
新郷地域交流センター,愛知県瀬戸市東赤重町1-100
水野地域交流センター,愛知県瀬戸市中水野町1-150
下品野地域交流センター,愛知県瀬戸市品野町6-116
さくら公園,愛知県瀬戸市宮地町104-2
磁祖公園,愛知県瀬戸市東安戸町15
南公園,愛知県瀬戸市東茨町93-2
市民公園児童遊園,愛知県瀬戸市上本町387-1
陶祖公園,愛知県瀬戸市須原町
平町公園,愛知県瀬戸市平町3丁目142
こぶし公園,愛知県瀬戸市上之山町2-171-15
やまぶき公園,愛知県瀬戸市上之山町2-171-455
みずの坂北公園,愛知県瀬戸市本郷町1027
みずの坂南公園,愛知県瀬戸市みずの坂2-9
やまて坂北公園,愛知県瀬戸市ひまわり台5-57
やまて坂南公園,愛知県瀬戸市やまて坂1-4
みずの坂中央公園,愛知県瀬戸市みずの坂5-9
ふれあいの森,愛知県瀬戸市上之山町2-171-15
宮前公園,愛知県瀬戸市深川町1
萩山北公園,愛知県瀬戸市萩山台3-51
白山公園,愛知県瀬戸市東赤重町2-98
釜ヶ洞公園,愛知県瀬戸市白山町2-89
みどり公園,愛知県瀬戸市緑町2-22
瀬戸万博記念公園,愛知県瀬戸市上之山町2-176-1
熊野児童遊園,愛知県瀬戸市熊野町75
瘤木児童遊園,愛知県瀬戸市瘤木町70
陶原中央児童遊園,愛知県瀬戸市陶原町1-19
神川児童遊園,愛知県瀬戸市神川町17
内田児童遊園,愛知県瀬戸市内田町1-641-1
品野児童遊園,愛知県瀬戸市落合町7
下半田川児童遊園,愛知県瀬戸市下半田川町746
山の神児童遊園,愛知県瀬戸市品野町3-407